{
  "total_resenas": 210,
  "polaridad_promedio": -0.019999999999999997,
  "subjetividad_promedio": 0.06499999999999999,
  "distribucion_sentimientos": {
    "neutral": 204,
    "negativo": 6
  },
  "top_palabras": {
    "texto": 60,
    "disponible": 60,
    "cliente": 39,
    "atencion": 33,
    "dias": 33,
    "entrega": 30,
    "dicen": 27,
    "comprado": 24,
    "dia": 24,
    "pedido": 21,
    "dos": 18,
    "servicio": 18,
    "despues": 18,
    "devolucion": 18,
    "compre": 18,
    "compra": 15,
    "llevo": 15,
    "paquete": 15,
    "entregado": 12,
    "suscripcion": 12
  },
  "correlacion_puntuacion_polaridad": 0.047881379225755645
}